1,12,,,,,,,,,,,
Aclarkii 3 regions,PRBI_GenAlEx_2009-11-12 copy,Pairwise Population Matrix of Mean Pop Codom Genotypic Genetic Distance,,,,,,,,,,
1,2,7,8,9,10,11,13,14,15,19,22,
21.542,21.083,21.459,22.600,21.065,21.440,20.189,21.513,22.100,20.150,20.285,19.975,1
21.083,21.086,21.182,22.467,20.854,21.351,20.088,20.857,21.571,19.048,20.052,20.357,2
21.459,21.182,21.108,22.281,20.805,21.173,20.234,21.234,21.469,18.625,20.578,20.563,7
22.600,22.467,22.281,23.883,22.338,22.292,21.816,22.688,23.063,20.250,21.825,21.813,8
21.065,20.854,20.805,22.338,21.221,20.997,19.830,21.279,21.000,18.765,20.432,20.324,9
21.440,21.351,21.173,22.292,20.997,21.238,20.233,20.976,21.214,19.524,20.679,20.762,10
20.189,20.088,20.234,21.816,19.830,20.233,18.942,19.684,20.079,16.947,19.426,20.132,11
21.513,20.857,21.234,22.688,21.279,20.976,19.684,21.333,22.250,17.250,20.875,21.625,13
22.100,21.571,21.469,23.063,21.000,21.214,20.079,22.250,24.000,22.000,20.675,20.750,14
20.150,19.048,18.625,20.250,18.765,19.524,16.947,17.250,22.000,,19.300,20.000,15
20.285,20.052,20.578,21.825,20.432,20.679,19.426,20.875,20.675,19.300,19.326,18.075,19
19.975,20.357,20.563,21.813,20.324,20.762,20.132,21.625,20.750,20.000,18.075,18.000,22